Name,Position,Team,Note
Christian McCaffrey,RB,CAR,
Dalvin Cook,RB,MIN,
Alvin Kamara,RB,NO,
Ezekiel Elliott,RB,DAL,
Derrick Henry,RB,TEN,
Davante Adams,WR,GB,
Saquon Barkley,RB,NYG,
Tyreek Hill,WR,KC,
Aaron Jones,RB,GB,
Stefon Diggs,WR,BUF,
Austin Ekeler,RB,LAC,
DeAndre Hopkins,WR,ARI,
Calvin Ridley,WR,ATL,
Travis Kelce,TE,KC,
Jonathan Taylor,RB,IND,
Nick Chubb,RB,CLE,
Darren Waller,TE,LV,
Justin Jefferson,WR,MIN,
Keenan Allen,WR,LAC,
D.K. Metcalf,WR,SEA,
A.J. Brown,WR,TEN,
Joe Mixon,RB,CIN,
Antonio Gibson,RB,WAS,
Allen Robinson II,WR,CHI,
Patrick Mahomes II,QB,KC,
George Kittle,TE,SF,
Terry McLaurin,WR,WAS,
Clyde Edwards-Helaire,RB,KC,
Najee Harris,RB,PIT,
D'Andre Swift,RB,DET,
CeeDee Lamb,WR,DAL,
Robert Woods,WR,LAR,
Amari Cooper,WR,DAL,
Chris Godwin,WR,TB,
Chris Carson,RB,SEA,
Mike Evans,WR,TB,
Julio Jones,WR,TEN,
David Montgomery,RB,CHI,
D.J. Moore,WR,CAR,
J.K. Dobbins,RB,BAL,
Cooper Kupp,WR,LAR,
Diontae Johnson,WR,PIT,
Josh Allen,QB,BUF,
Miles Sanders,RB,PHI,
Tyler Lockett,WR,SEA,
Adam Thielen,WR,MIN,
Josh Jacobs,RB,LV,
T.J. Hockenson,TE,DET,
Kyler Murray,QB,ARI,
Lamar Jackson,QB,BAL,
Myles Gaskin,RB,MIA,
Mark Andrews,TE,BAL,
Kenny Golladay,WR,NYG,
Travis Etienne,RB,JAC,
Darrell Henderson,RB,LAR,
Tee Higgins,WR,CIN,
Dak Prescott,QB,DAL,
Brandon Aiyuk,WR,SF,
Mike Davis,RB,ATL,
Kareem Hunt,RB,CLE,
JuJu Smith-Schuster,WR,PIT,
Kyle Pitts,TE,ATL,
Odell Beckham Jr.,WR,CLE,
Ja'Marr Chase,WR,CIN,
Courtland Sutton,WR,DEN,
Russell Wilson,QB,SEA,
Chase Claypool,WR,PIT,
Chase Edmonds,RB,ARI,
Robby Anderson,WR,CAR,
Aaron Rodgers,QB,GB,
Tyler Boyd,WR,CIN,
D.J. Chark Jr.,WR,JAC,
Justin Herbert,QB,LAC,
Jerry Jeudy,WR,DEN,
Brandin Cooks,WR,HOU,
Deebo Samuel,WR,SF,
Dallas Goedert,TE,PHI,
Noah Fant,TE,DEN,
Javonte Williams,RB,DEN,
Melvin Gordon III,RB,DEN,
James Robinson,RB,JAC,
Raheem Mostert,RB,SF,
Will Fuller V,WR,MIA,
Damien Harris,RB,NE,
Ryan Tannehill,QB,TEN,
Tom Brady,QB,TB,
Jarvis Landry,WR,CLE,
David Johnson,RB,HOU,
Logan Thomas,TE,WAS,
Jalen Hurts,QB,PHI,
Curtis Samuel,WR,WAS,
Ronald Jones II,RB,TB,
DeVonta Smith,WR,PHI,
Michael Carter,RB,NYJ,
Matthew Stafford,QB,LAR,
Michael Thomas,WR,NO,
Leonard Fournette,RB,TB,
Antonio Brown,WR,TB,
Laviska Shenault Jr.,WR,JAC,
Robert Tonyan,TE,GB,
Zack Moss,RB,BUF,
Corey Davis,WR,NYJ,
Joe Burrow,QB,CIN,
Tyler Higbee,TE,LAR,
James Conner,RB,ARI,
Kenyan Drake,RB,LV,
Trey Sermon,RB,SF,
Nyheim Hines,RB,IND,
Mike Williams,WR,LAC,
Michael Gallup,WR,DAL,
DeVante Parker,WR,MIA,
Mike Gesicki,TE,MIA,
Matt Ryan,QB,ATL,
Jamaal Williams,RB,DET,
Devin Singletary,RB,BUF,
Trevor Lawrence,QB,JAC,
Kirk Cousins,QB,MIN,
Michael Pittman Jr.,WR,IND,
Tony Pollard,RB,DAL,
Marvin Jones Jr.,WR,JAC,
Marquise Brown,WR,BAL,
AJ Dillon,RB,GB,
Darnell Mooney,WR,CHI,
Irv Smith Jr.,TE,MIN,
Evan Engram,TE,NYG,
Latavius Murray,RB,NO,
Jaylen Waddle,WR,MIA,
Jonnu Smith,TE,NE,
J.D. McKissic,RB,WAS,
Gus Edwards,RB,BAL,
Baker Mayfield,QB,CLE,
James White,RB,NE,
Tarik Cohen,RB,CHI,
Hunter Henry,TE,NE,
Phillip Lindsay,RB,HOU,
T.Y. Hilton,WR,IND,
Tua Tagovailoa,QB,MIA,
Cole Beasley,WR,BUF,
Ryan Fitzpatrick,QB,WAS,
Ben Roethlisberger,QB,PIT,
Mecole Hardman,WR,KC,
Rob Gronkowski,TE,TB,
Blake Jarwin,TE,DAL,
Daniel Jones,QB,NYG,
Cole Kmet,TE,CHI,
Alexander Mattison,RB,MIN,
Sterling Shepard,WR,NYG,
Russell Gage,WR,ATL,
Henry Ruggs III,WR,LV,
Los Angeles Rams,DST,LAR,
Pittsburgh Steelers,DST,PIT,
Jalen Reagor,WR,PHI,
Adam Trautman,TE,NO,
Nelson Agholor,WR,NE,
Austin Hooper,TE,CLE,
Derek Carr,QB,LV,
Baltimore Ravens,DST,BAL,
Jamison Crowder,WR,NYJ,
Gerald Everett,TE,SEA,
John Brown,WR,LV,
Giovani Bernard,RB,TB,
Rashod Bateman,WR,BAL,
Elijah Moore,WR,NYJ,
Justin Fields,QB,CHI,
Tevin Coleman,RB,NYJ,
Tre'Quan Smith,WR,NO,
Rashaad Penny,RB,SEA,
Justin Tucker,K,BAL,
Christian Kirk,WR,ARI,
Jared Cook,TE,LAC,
Indianapolis Colts,DST,IND,
Washington Football Team,DST,WAS,
San Francisco 49ers,DST,SF,
Zach Ertz,TE,PHI,
Tampa Bay Buccaneers,DST,TB,
Sam Darnold,QB,CAR,
Anthony Firkser,TE,TEN,
Harrison Butker,K,KC,
Eric Ebron,TE,PIT,
Emmanuel Sanders,WR,BUF,
Parris Campbell,WR,IND,
Gabriel Davis,WR,BUF,
Younghoe Koo,K,ATL,
New England Patriots,DST,NE,
Jakobi Meyers,WR,NE,
Rondale Moore,WR,ARI,
Kenneth Gainwell,RB,PHI,
Buffalo Bills,DST,BUF,
Breshad Perriman,WR,DET,
Trey Lance,QB,SF,
Salvon Ahmed,RB,MIA,
New Orleans Saints,DST,NO,
Greg Zuerlein,K,DAL,
Darrel Williams,RB,KC,
Marlon Mack,RB,IND,
Darius Slayton,WR,NYG,
Zach Wilson,QB,NYJ,
Kansas City Chiefs,DST,KC,
Jared Goff,QB,DET,
Cam Newton,QB,NE,
Carson Wentz,QB,IND,
Sony Michel,RB,NE,
Wil Lutz,K,NO,
A.J. Green,WR,ARI,
Allen Lazard,WR,GB,
Jason Sanders,K,MIA,
Damien Williams,RB,CHI,
Darrynton Evans,RB,TEN,
Hayden Hurst,TE,ATL,
Bryan Edwards,WR,LV,
Amon-Ra St. Brown,WR,DET,
Chicago Bears,DST,CHI,
Joshua Kelley,RB,LAC,
Randall Cobb,WR,GB,
Denzel Mims,WR,NYJ,
Los Angeles Chargers,DST,LAC,
Matt Prater,K,ARI,
Denver Broncos,DST,DEN,
Rodrigo Blankenship,K,IND,
Jameis Winston,QB,NO,
Sammy Watkins,WR,BAL,
Miami Dolphins,DST,MIA,
Terrace Marshall Jr.,WR,CAR,
Robbie Gould,K,SF,
Chuba Hubbard,RB,CAR,
Cleveland Browns,DST,CLE,
Justin Jackson,RB,LAC,
Tyler Bass,K,BUF,
Marquez Valdes-Scantling,WR,GB,
Jason Myers,K,SEA,
Boston Scott,RB,PHI,
Ryan Succop,K,TB,
Malcolm Brown,RB,MIA,
Carlos Hyde,RB,JAC,
Benny Snell Jr.,RB,PIT,
Mark Ingram II,RB,HOU,
Taysom Hill,QB,NO,
Josh Reynolds,WR,TEN,
Dawson Knox,TE,BUF,
Green Bay Packers,DST,GB,
Seattle Seahawks,DST,SEA,
O.J. Howard,TE,TB,
Minnesota Vikings,DST,MIN,
Jerick McKinnon,RB,KC,
Michael Badgley,K,LAC,
Deshaun Watson,QB,HOU,
Mason Crosby,K,GB,
Tyrell Williams,WR,DET,
Van Jefferson,WR,LAR,
Hunter Renfrow,WR,LV,
Anthony Miller,WR,HOU,
KJ Hamler,WR,DEN,
Philadelphia Eagles,DST,PHI,
Tim Patrick,WR,DEN,
DeSean Jackson,WR,LAR,
Dan Arnold,TE,CAR,
Chris Herndon IV,TE,NYJ,
Daniel Carlson,K,LV,
Kadarius Toney,WR,NYG,
Brandon McManus,K,DEN,
Jake Elliott,K,PHI,
Jeff Wilson Jr.,RB,SF,
Kerryon Johnson,RB,PHI,
Jack Doyle,TE,IND,
Rhamondre Stevenson,RB,NE,
La'Mical Perine,RB,NYJ,
James Washington,WR,PIT,
Tennessee Titans,DST,TEN,
Joey Slye,K,CAR,
Wayne Gallman,RB,SF,
Amari Rodgers,WR,GB,
Matt Breida,RB,BUF,
Devontae Booker,RB,NYG,
Anthony McFarland Jr.,RB,PIT,
Teddy Bridgewater,QB,DEN,
Chris Boswell,K,PIT,
Preston Williams,WR,MIA,
Javian Hawkins,RB,ATL,
Jimmy Garoppolo,QB,SF,
Ka'imi Fairbairn,K,HOU,
New York Giants,DST,NYG,
Jimmy Graham,TE,CHI,
Nico Collins,WR,HOU,
Ty Johnson,RB,NYJ,
Dustin Hopkins,K,WAS,
Samaje Perine,RB,CIN,
New York Jets,DST,NYJ,
Keke Coutee,WR,HOU,
Arizona Cardinals,DST,ARI,
Rashard Higgins,WR,CLE,
Kendrick Bourne,WR,NE,
Josh Lambo,K,JAC,
Ke'Shawn Vaughn,RB,TB,
N'Keal Harry,WR,NE,
Quintez Cephus,WR,DET,
Drew Lock,QB,DEN,
Matt Gay,K,LAR,
Keelan Cole Sr.,WR,NYJ,
Zach Pascal,WR,IND,
Dallas Cowboys,DST,DAL,
Kyle Rudolph,TE,NYG,
Jalen Richard,RB,LV,
Tyron Johnson,WR,LAC,
Xavier Jones,RB,LAR,
Travis Fulgham,WR,PHI,
Ian Thomas,TE,CAR,
Jacksonville Jaguars,DST,JAC,
Donovan Peoples-Jones,WR,CLE,
Graham Gano,K,NYG,
Scotty Miller,WR,TB,
Marquez Callaway,WR,NO,
Austin Seibert,K,CIN,
DeeJay Dallas,RB,SEA,
Rex Burkhead,RB,HOU,
D'Wayne Eskridge,WR,SEA,
Atlanta Falcons,DST,ATL,
Mo Alie-Cox,TE,IND,
Dalton Schultz,TE,DAL,
Le'Veon Bell,RB,FA,
Stephen Gostkowski,K,FA,
Zane Gonzalez,K,FA,
Tyrod Taylor,QB,HOU,
Todd Gurley II,RB,FA,
Jordan Howard,RB,PHI,
Carolina Panthers,DST,CAR,
Andy Isabella,WR,ARI,
Greg Ward,WR,PHI,
Kalen Ballage,RB,PIT,
Dyami Brown,WR,WAS,
Justice Hill,RB,BAL,
Duke Johnson Jr.,RB,FA,
Jordan Akins,TE,HOU,
Will Dissly,TE,SEA,
Cairo Santos,K,CHI,
Mac Jones,QB,NE,
Eno Benjamin,RB,ARI,
Demarcus Robinson,WR,KC,
Ito Smith,RB,ARI,
Qadree Ollison,RB,ATL,
Brian Hill,RB,TEN,
Pat Freiermuth,TE,PIT,
Donald Parham Jr.,TE,LAC,
Miles Boykin,WR,BAL,
Andy Dalton,QB,CHI,
Olamide Zaccheaus,WR,ATL,
Dan Bailey,K,FA,
Byron Pringle,WR,KC,
Jordan Wilkins,RB,IND,
C.J. Uzomah,TE,CIN,
Adrian Peterson,RB,FA,
Jermar Jefferson,RB,DET,
Larry Rountree III,RB,LAC,
Elijah Mitchell,RB,SF,
John Ross,WR,NYG,
Harrison Bryant,TE,CLE,
Houston Texans,DST,HOU,
Cody Parkey,K,CLE,
David Njoku,TE,CLE,
Drew Sample,TE,CIN,
Lynn Bowden Jr.,WR,MIA,
Sam Sloman,K,PIT,
Josh Palmer,WR,LAC,
Peyton Barber,RB,WAS,
Chris Thompson,RB,FA,
Jake Funk,RB,LAR,
Steven Sims Jr.,WR,WAS,
Mike Boone,RB,DEN,
Tyler Eifert,TE,FA,
Jalen Guyton,WR,LAC,
Dede Westbrook,WR,MIN,
Albert Okwuegbunam,TE,DEN,
Detroit Lions,DST,DET,
Deonte Harris,WR,NO,
Randy Bullock,K,DET,
Adam Humphries,WR,WAS,
Golden Tate,WR,FA,
Tutu Atwell,WR,LAR,
Chris Evans,RB,CIN,
Royce Freeman,RB,DEN,
Nick Folk,K,NE,
Tyler Conklin,TE,MIN,
Las Vegas Raiders,DST,LV,
Tyler Johnson,WR,TB,
Bryce Love,RB,FA,
Evan McPherson,K,CIN,
Kylin Hill,RB,GB,
Larry Fitzgerald,WR,FA,
Antonio Gandy-Golden,WR,WAS,
Cincinnati Bengals,DST,CIN,
Cordarrelle Patterson,WR,ATL,
Dez Fitzpatrick,WR,TEN,
Jacob Hollister,TE,BUF,
Devin Duvernay,WR,BAL,
Tylan Wallace,WR,BAL,
Brevin Jordan,TE,HOU,
Danny Amendola,WR,FA,
Cameron Brate,TE,TB,
Dare Ogunbowale,RB,JAC,
Collin Johnson,WR,JAC,
Cornell Powell,WR,KC,
Jacob Eason,QB,IND,
Khalil Herbert,RB,CHI,
Devine Ozigbo,RB,JAC,
Jalen Hurd,WR,SF,
Gardner Minshew II,QB,JAC,
Gerrid Doaks,RB,MIA,
Maxx Williams,TE,ARI,
Greg Joseph,K,MIN,
Alshon Jeffery,WR,FA,
Auden Tate,WR,CIN,
Davis Mills,QB,HOU,
Chris Conley,WR,HOU,
Tucker McCann,K,TEN,
Jordan Love,QB,GB,
Mitchell Trubisky,QB,BUF,
Hunter Long,TE,MIA,
James O'Shaughnessy,TE,JAC,
Tyler Kroft,TE,NYJ,
Darwin Thompson,RB,KC,
Alex Collins,RB,SEA,
Jacob Harris,TE,LAR,
Cam Sims,WR,WAS,
Foster Moreau,TE,LV,
Dazz Newsome,WR,CHI,
Geoff Swaim,TE,TEN,
Lil'Jordan Humphrey,WR,NO,
Sam Ficken,K,TEN,
Devonta Freeman,RB,NO,
David Moore,WR,CAR,
Frank Gore,RB,FA,
Ihmir Smith-Marsette,WR,MIN,
Devin Funchess,WR,GB,
Taylor Heinicke,QB,WAS,
Albert Wilson,WR,MIA,
Jaylen Samuels,RB,PIT,
Anthony Schwartz,WR,CLE,
LeSean McCoy,RB,FA,
Tim Tebow,TE,JAC,
Jaret Patterson,RB,WAS,
Isaiah McKenzie,WR,BUF,
Trayveon Williams,RB,CIN,
Kyle Juszczyk,RB,SF,
Kelvin Harmon,WR,WAS,
Mohamed Sanu,WR,SF,
Ryan Griffin,TE,NYJ,
Corey Clement,RB,NYG,
Damiere Byrd,WR,CHI,
Brycen Hopkins,TE,LAR,
Jace Sternberger,TE,GB,
Noah Gray,TE,KC,
Kenny Stills,WR,BUF,
Tommy Tremble,TE,CAR,
Ameer Abdullah,RB,MIN,
Travis Homer,RB,SEA,
Ty Montgomery,RB,NO,
Zay Jones,WR,LV,
Equanimeous St. Brown,WR,GB,
Kene Nwangwu,RB,MIN,
Willie Snead IV,WR,LV,
Raymond Calais,RB,LAR,
Jeremy McNichols,RB,TEN,
Richie James Jr.,WR,SF,
Nick Boyle,TE,BAL,
Marquise Goodwin,WR,CHI,
Braxton Berrios,WR,NYJ,
Darren Fells,TE,DET,
Ryquell Armstead,RB,FA,
Kylen Granson,TE,IND,
Pooka Williams Jr.,RB,CIN,
Aldrick Rosas,K,JAC,
Andrew Jacas,K,SF,
Richard Rodgers,TE,PHI,
Jakeem Grant Sr.,WR,MIA,
Jaelon Darden,WR,TB,
JaMycal Hasty,RB,SF,
J.J. Arcega-Whiteside,WR,PHI,
Patrick Laird,RB,MIA,
Chris Naggar,K,NYJ,
Frank Darby,WR,ATL,
Trenton Cannon,RB,CAR,
Adam Shaheen,TE,MIA,
Stevie Scott III,RB,NO,
Freddie Swain,WR,SEA,
Dwayne Haskins,QB,PIT,
DaeSean Hamilton,WR,DEN,
Trey Burton,TE,FA,
Kenny Yeboah,TE,NYJ,
Kahale Warring,TE,HOU,
Cedrick Wilson,WR,DAL,
Hunter Bryant,TE,DET,
Gary Brightwell,RB,NYG,
Dion Lewis,RB,FA,
Antonio Williams,RB,BUF,
Sage Surratt,WR,DET,
Nick Foles,QB,CHI,
Josh Oliver,TE,BAL,
Tajae Sharpe,WR,ATL,
Marcus Mariota,QB,LV,
Shi Smith,WR,CAR,
D'Onta Foreman,RB,FA,
Demetric Felton,WR,CLE,
Chad Beebe,WR,MIN,
Marquez Stevenson,WR,BUF,
Geronimo Allison,WR,DET,
Patrick Ricard,RB,BAL,
T.J. Yeldon,RB,FA,
Tre' McKitty,TE,LAC,
Josiah Deguara,TE,GB,
Javon Wims,WR,CHI,
Ross Dwelley,TE,SF,
Devin Asiasi,TE,NE,
Nick Vannett,TE,NO,
Quez Watkins,WR,PHI,
Blake Bell,TE,KC,
Darrell Daniels,TE,ARI,
